Anno;Entrate_contributive;Trasferimenti_Stato;Trasf_oneri_pensionistici;Trasf_oneri_mantenimento_ salario ;Trasf_oneri_mantenimento_famiglia ;Trasf_oneri_prestazioni_econ_da riduzioni_oneri previdenziali ;Trasf_oneri_sgravi_oneri_sociali_e_agevolazioni ;Trasf_oneri_interventi_diversi ;Trasf_oneri_reddito_pensione_cittadinanza
2011;210572;84806;;;;;;;
2012;208076;94131;63805;8333;3671;696;16018;1278;0
2013;210141;99396;67989;9592;3992;677;15488;1338;0
2014;211462;98440;67454;10387;3856;656;14832;1255;0
2015;214787;103773;72172;8794;4033;622;15897;2255;0
2016;220560;107374;70971;8695;4502;603;21203;1400;0
2017;224627;110278;72699;8067;5485;590;21014;3013;0
2018;231166;105720;72738;7129;5835;540;17821;1603;0
2019;225150;114527;78566;7101;6070;573;15805;2520;3894
2020;236211;145189;83048;24537;9873;436;17568;2468;7259
2021;236893;144215;84169;17978;8231;482;22620;2302;8433
2022;256138;157004;88069;17103;16642;468;23957;2639;8126
2023;269152;164432;94877;8325;21594;530;31553;620;6933
2024;284047;180544;99571;8289;24193;544;42428;146;5373